GROUP,PACKAGE,CLASS,INSTRUCTION_MISSED,INSTRUCTION_COVERED,BRANCH_MISSED,BRANCH_COVERED,LINE_MISSED,LINE_COVERED,COMPLEXITY_MISSED,COMPLEXITY_COVERED,METHOD_MISSED,METHOD_COVERED
logiway-backend,com.logiway.dto.admin,KpiOverviewResponse.CapacityDistributionEntry,0,3,0,0,0,1,0,1,0,1
logiway-backend,com.logiway.dto.admin,KpiOverviewResponse.Cards,0,3,0,0,0,1,0,1,0,1
logiway-backend,com.logiway.dto.admin,KpiOverviewResponse.ReclamationStatEntry,0,3,0,0,0,1,0,1,0,1
logiway-backend,com.logiway.dto.admin,KpiOverviewResponse.PunctualityEntry,0,3,0,0,0,1,0,1,0,1
logiway-backend,com.logiway.dto.admin,KpiOverviewResponse.TopDriverEntry,0,3,0,0,0,1,0,1,0,1
logiway-backend,com.logiway.dto.admin,KpiOverviewResponse.UserBreakdownEntry,0,3,0,0,0,1,0,1,0,1
logiway-backend,com.logiway.dto.admin,KpiOverviewResponse.IncidentEntry,0,3,0,0,0,1,0,1,0,1
logiway-backend,com.logiway.dto.admin,KpiOverviewResponse,0,8,0,0,0,2,0,1,0,1
logiway-backend,com.logiway.dto.admin,KpiOverviewResponse.CongeStatEntry,0,3,0,0,0,1,0,1,0,1
logiway-backend,com.logiway.dto.admin,KpiOverviewResponse.FuelOverview,0,3,0,0,0,1,0,1,0,1
logiway-backend,com.logiway.exceptions,ResourceNotFoundException,0,4,0,0,0,2,0,1,0,1
logiway-backend,com.logiway.exceptions,ForbiddenException,0,4,0,0,0,2,0,1,0,1
logiway-backend,com.logiway.exceptions,AccountRejectedException,0,4,0,0,0,2,0,1,0,1
logiway-backend,com.logiway.exceptions,ConflictException,0,4,0,0,0,2,0,1,0,1
logiway-backend,com.logiway.exceptions,GlobalExceptionHandler,113,27,2,0,19,7,11,4,10,4
logiway-backend,com.logiway.exceptions,UnauthorizedException,0,4,0,0,0,2,0,1,0,1
logiway-backend,com.logiway.exceptions,BadRequestException,0,4,0,0,0,2,0,1,0,1
logiway-backend,com.logiway.exceptions,AuthProviderUnavailableException,0,4,0,0,0,2,0,1,0,1
logiway-backend,com.logiway.entities.enums,TypeAlerteIA,0,21,0,0,0,4,0,1,0,1
logiway-backend,com.logiway.entities.enums,MessengerMessageStatus,0,15,0,0,0,3,0,1,0,1
logiway-backend,com.logiway.entities.enums,PrioriteReclamation,0,15,0,0,0,3,0,1,0,1
logiway-backend,com.logiway.entities.enums,StatutTrajet,0,21,0,0,0,4,0,1,0,1
logiway-backend,com.logiway.entities.enums,Role,0,21,0,0,0,4,0,1,0,1
logiway-backend,com.logiway.entities.enums,StatutEntreprise,0,27,0,0,0,5,0,1,0,1
logiway-backend,com.logiway.entities.enums,StatutPause,0,21,0,0,0,4,0,1,0,1
logiway-backend,com.logiway.entities.enums,TypeNotif,0,57,0,0,0,10,0,1,0,1
logiway-backend,com.logiway.entities.enums,MessengerMessageType,0,33,0,0,0,6,0,1,0,1
logiway-backend,com.logiway.entities.enums,TypeConge,0,21,0,0,0,4,0,1,0,1
logiway-backend,com.logiway.entities.enums,StatutVehicule,0,21,0,0,0,4,0,1,0,1
logiway-backend,com.logiway.entities.enums,StatutReclamation,0,21,0,0,0,4,0,1,0,1
logiway-backend,com.logiway.entities.enums,StatutCompte,0,21,0,0,0,4,0,1,0,1
logiway-backend,com.logiway.entities.enums,TypePause,0,51,0,0,0,9,0,1,0,1
logiway-backend,com.logiway.entities.enums,StatutChauffeur,0,15,0,0,0,3,0,1,0,1
logiway-backend,com.logiway.entities.enums,StatutConge,0,27,0,0,0,5,0,1,0,1
logiway-backend,com.logiway.entities.enums,PrioriteTrajet,0,21,0,0,0,4,0,1,0,1
logiway-backend,com.logiway.dto.pause,PauseAIDashboardResponse.ChauffeurStats.ChauffeurStatsBuilder,42,147,0,0,0,1,1,22,1,22
logiway-backend,com.logiway.dto.pause,PauseAIDashboardResponse.HeatmapPoint.HeatmapPointBuilder,20,70,0,0,0,1,1,11,1,11
logiway-backend,com.logiway.dto.pause,PauseReglementaireResponse.PauseReglementaireResponseBuilder,36,126,0,0,0,1,1,19,1,19
logiway-backend,com.logiway.dto.pause,PauseAIDashboardResponse,99,287,42,28,1,11,43,15,9,14
logiway-backend,com.logiway.dto.pause,PauseAIDashboardResponse.HeatmapPoint,116,313,47,31,1,12,48,16,10,15
logiway-backend,com.logiway.dto.pause,PauseAIEvaluationRequest,146,25,30,0,2,5,23,5,8,5
logiway-backend,com.logiway.dto.pause,PauseAIDashboardResponse.MLInsights,155,403,61,41,1,15,62,20,13,18
logiway-backend,com.logiway.dto.pause,PauseAIDashboardResponse.MLInsights.MLInsightsBuilder,26,91,0,0,0,1,1,14,1,14
logiway-backend,com.logiway.dto.pause,PauseAIPredictionResponse.PauseAIPredictionResponseBuilder,28,98,0,0,0,1,1,15,1,15
logiway-backend,com.logiway.dto.pause,PauseAIDashboardResponse.PauseAIDashboardResponseBuilder,18,63,0,0,0,1,1,10,1,10
logiway-backend,com.logiway.dto.pause,PauseAIPredictionResponse,147,454,67,43,0,17,67,21,13,20
logiway-backend,com.logiway.dto.pause,PauseReglementaireResponse,202,571,87,55,1,20,88,24,18,23
logiway-backend,com.logiway.dto.pause,PauseAIDashboardResponse.ChauffeurStats,259,643,102,64,1,23,103,27,21,26
logiway-backend,com.logiway.dto.pause,PauseAIEvaluationRequest.PauseAIEvaluationRequestBuilder,8,28,0,0,0,1,1,5,1,5
logiway-backend,com.logiway.utils,NotificationToneResolver,34,475,26,46,17,39,26,12,0,2
logiway-backend,com.logiway.utils,NotificationMessageResolver,91,86,32,16,20,21,22,7,1,4
logiway-backend,com.logiway.utils,PasswordGenerator,0,29,0,2,0,5,0,3,0,2
logiway-backend,com.logiway.security,AuthenticatedUserService,109,0,12,0,23,0,13,0,7,0
logiway-backend,com.logiway.entities.converters,TypeNotifConverter,0,26,0,6,0,9,0,6,0,3
logiway-backend,com.logiway.services,RapportService,0,598,0,24,0,165,0,29,0,17
logiway-backend,com.logiway.services,GeminiService,12,225,0,16,3,51,0,14,0,6
logiway-backend,com.logiway.services,OsrmService.GeoPoint,0,12,0,0,0,1,0,1,0,1
logiway-backend,com.logiway.services,TrajetOptimisationService.OptimizationAssignment,0,12,0,0,0,1,0,1,0,1
logiway-backend,com.logiway.services,OsrmService,0,257,0,32,0,46,0,19,0,3
logiway-backend,com.logiway.services,ChatbotRAGService,0,642,19,137,0,91,19,67,0,8
logiway-backend,com.logiway.services,MeteoService,25,584,7,71,1,96,8,53,1,15
logiway-backend,com.logiway.services,MeteoService.CacheEntry,0,15,0,0,0,1,0,1,0,1
logiway-backend,com.logiway.services,TrajetOptimisationService,0,164,1,19,0,27,1,15,0,6
logiway-backend,com.logiway.services,OsrmService.RouteEstimation,0,12,0,0,0,1,0,1,0,1
logiway-backend,com.logiway.services,ChatbotToolsService,16,1230,10,56,1,237,7,66,0,40
logiway-backend,com.logiway.services,ReportGenerationService,5,732,6,76,0,150,6,44,0,9
logiway-backend,com.logiway.mappers,UserMapper,128,0,16,0,36,0,10,0,2,0
logiway-backend,com.logiway.entities,MessengerMessage.MessengerMessageBuilder,44,154,0,0,0,1,1,23,1,23
logiway-backend,com.logiway.entities,Chauffeur.ChauffeurBuilderImpl,0,7,0,0,0,1,0,2,0,2
logiway-backend,com.logiway.entities,Trajet,0,220,0,0,0,25,0,45,0,45
logiway-backend,com.logiway.entities,Manager,15,97,3,3,0,8,3,15,0,15
logiway-backend,com.logiway.entities,Vehicule.VehiculeBuilder,44,138,1,3,0,1,3,19,2,18
logiway-backend,com.logiway.entities,Manager.ManagerBuilder,39,9,0,0,0,1,4,2,4,2
logiway-backend,com.logiway.entities,ResetToken,0,67,0,2,0,12,0,15,0,14
logiway-backend,com.logiway.entities,Conge.CongeBuilder,28,98,0,0,0,1,1,15,1,15
logiway-backend,com.logiway.entities,Chauffeur,10,116,2,2,0,10,2,18,0,18
logiway-backend,com.logiway.entities,SuperAdministrateur,0,11,0,0,0,2,0,3,0,3
logiway-backend,com.logiway.entities,Reclamation.ReclamationBuilder,20,70,0,0,0,1,1,11,1,11
logiway-backend,com.logiway.entities,Secteur.SecteurBuilder,34,67,2,2,0,1,5,8,3,8
logiway-backend,com.logiway.entities,PauseReglementaire,0,180,0,0,0,21,0,37,0,37
logiway-backend,com.logiway.entities,Utilisateur.UtilisateurBuilder,58,105,0,0,0,1,3,18,3,18
logiway-backend,com.logiway.entities,PauseReglementaire.PauseReglementaireBuilder,36,126,0,0,0,1,1,19,1,19
logiway-backend,com.logiway.entities,Notification.NotificationBuilder,14,49,0,0,0,1,1,8,1,8
logiway-backend,com.logiway.entities,RefreshToken,0,92,0,4,0,33,0,19,0,17
logiway-backend,com.logiway.entities,Notification,0,83,0,4,0,15,0,18,0,16
logiway-backend,com.logiway.entities,Manager.ManagerBuilderImpl,0,7,0,0,0,1,0,2,0,2
logiway-backend,com.logiway.entities,Utilisateur.UtilisateurBuilderImpl,0,7,0,0,0,1,0,2,0,2
logiway-backend,com.logiway.entities,Utilisateur,10,310,2,6,0,28,2,47,0,45
logiway-backend,com.logiway.entities,MessengerMessage,0,257,0,12,0,38,0,52,0,46
logiway-backend,com.logiway.entities,Chauffeur.ChauffeurBuilder,34,27,0,0,0,1,3,5,3,5
logiway-backend,com.logiway.entities,Entreprise,0,202,0,4,0,25,0,41,0,39
logiway-backend,com.logiway.entities,ResetToken.ResetTokenBuilder,12,42,0,0,0,1,1,7,1,7
logiway-backend,com.logiway.entities,Trajet.TrajetBuilder,44,154,0,0,0,1,1,23,1,23
logiway-backend,com.logiway.entities,Secteur,0,104,0,0,0,12,0,21,0,21
logiway-backend,com.logiway.entities,Conge,4,171,0,8,0,23,1,33,1,29
logiway-backend,com.logiway.entities,SuperAdministrateur.SuperAdministrateurBuilder,4,3,0,0,0,1,1,1,1,1
logiway-backend,com.logiway.entities,Reclamation,0,111,0,2,0,18,0,24,0,23
logiway-backend,com.logiway.entities,PauseAIPrediction.PauseAIPredictionBuilder,28,98,0,0,0,1,1,15,1,15
logiway-backend,com.logiway.entities,Entreprise.EntrepriseBuilder,50,133,2,4,0,1,5,17,3,16
logiway-backend,com.logiway.entities,Vehicule,0,199,0,2,0,24,0,41,0,40
logiway-backend,com.logiway.entities,PauseAIPrediction,0,140,0,0,0,17,0,29,0,29
logiway-backend,com.logiway.entities,SuperAdministrateur.SuperAdministrateurBuilderImpl,0,7,0,0,0,1,0,2,0,2
logiway-backend,com.logiway.controllers,UserController,0,30,0,0,0,5,0,5,0,5
logiway-backend,com.logiway.controllers,MessengerController,0,153,0,4,0,27,0,16,0,14
logiway-backend,com.logiway.controllers,ProfileController,0,40,0,0,0,7,0,7,0,7
logiway-backend,com.logiway.controllers,EntrepriseController,0,42,0,0,0,8,0,7,0,7
logiway-backend,com.logiway.controllers,TrajetController,0,70,0,0,0,12,0,11,0,11
logiway-backend,com.logiway.controllers,MeteoController,0,13,0,0,0,2,0,2,0,2
logiway-backend,com.logiway.controllers,ChatbotController,0,70,0,4,0,14,0,5,0,3
logiway-backend,com.logiway.controllers,RapportController,0,134,0,0,0,36,0,8,0,8
logiway-backend,com.logiway.controllers,ReportGenerationController,0,227,0,8,0,48,0,11,0,7
logiway-backend,com.logiway.controllers,HealthController,0,5,0,0,0,2,0,2,0,2
logiway-backend,com.logiway.controllers,SecteurController,0,65,0,0,0,11,0,10,0,10
logiway-backend,com.logiway.controllers,ReclamationController,0,51,0,0,0,9,0,8,0,8
logiway-backend,com.logiway.controllers,AuthController,0,366,0,16,0,93,0,18,0,10
logiway-backend,com.logiway.controllers,VehiculeController,0,63,0,0,0,11,0,10,0,10
logiway-backend,com.logiway.controllers,PauseReglementaireController,0,34,0,0,0,5,0,5,0,5
logiway-backend,com.logiway.controllers,PauseAIController,0,257,0,20,0,41,0,18,0,8
logiway-backend,com.logiway.controllers,CongeController,0,44,0,0,0,7,0,7,0,7
logiway-backend,com.logiway.controllers,NotificationController,0,39,0,2,0,7,0,5,0,4
logiway-backend,com.logiway.controllers,AdminKpiController,0,16,0,0,0,3,0,2,0,2
logiway-backend,com.logiway.controllers,AdminPauseController,0,22,0,0,0,5,0,3,0,3
logiway-backend,com.logiway.config,SecteurSchemaInitializer,0,37,0,4,0,10,0,5,0,3
logiway-backend,com.logiway.config,BeanConfig,0,11,0,0,0,3,0,3,0,3
logiway-backend,com.logiway.config,DatabaseSchemaFixRunner,0,45,0,4,0,12,0,5,0,3
logiway-backend,com.logiway.config,OllamaConfig,0,24,0,0,0,9,0,5,0,5
logiway-backend,com.logiway.config,SecurityConfig,1,336,1,19,0,59,1,24,0,15
logiway-backend,com.logiway.dto.trajet,TrajetOptimisationRequest,0,9,0,0,0,1,0,1,0,1
logiway-backend,com.logiway.dto.trajet,TrajetRequest,0,51,0,0,0,1,0,1,0,1
logiway-backend,com.logiway.dto.trajet,TrajetResponse,0,93,0,0,0,1,0,1,0,1
logiway-backend,com.logiway.dto.trajet,TrajetCarteResponse,0,87,0,0,0,1,0,1,0,1
logiway-backend,com.logiway.dto.trajet,TourneeOptimiseeResponse,0,21,0,0,0,1,0,1,0,1
logiway-backend,com.logiway.dto.trajet,TrajetPositionRequest,0,18,0,0,0,1,0,1,0,1
logiway-backend,com.logiway.dto.meteo,MeteoResponse,0,30,0,0,0,1,0,1,0,1
logiway-backend,com.logiway.services.impl,VehiculeServiceImpl.DriverAvailability,0,9,0,0,0,1,0,1,0,1
logiway-backend,com.logiway.services.impl,EntrepriseServiceImpl,0,1155,2,130,0,264,2,102,0,38
logiway-backend,com.logiway.services.impl,MessengerServiceImpl.PresenceSnapshot,0,9,0,0,0,1,0,1,0,1
logiway-backend,com.logiway.services.impl,MessengerRealtimeServiceImpl,0,247,0,30,0,57,0,31,0,16
logiway-backend,com.logiway.services.impl,MailServiceImpl,0,543,0,36,0,99,0,36,0,15
logiway-backend,com.logiway.services.impl,TokenRefreshServiceImpl,0,117,0,10,0,30,0,12,0,7
logiway-backend,com.logiway.services.impl,PauseReglementaireServiceImpl.new TypeReference() {...},0,6,0,0,0,1,0,1,0,1
logiway-backend,com.logiway.services.impl,PauseAIServiceImpl.new TypeReference() {...},0,6,0,0,0,1,0,1,0,1
logiway-backend,com.logiway.services.impl,PauseReglementaireServiceImpl.new TypeReference() {...},0,6,0,0,0,1,0,1,0,1
logiway-backend,com.logiway.services.impl,CongeServiceImpl,0,1016,1,125,0,229,1,96,0,34
logiway-backend,com.logiway.services.impl,PauseReglementaireServiceImpl,4,2327,18,268,1,425,18,155,0,24
logiway-backend,com.logiway.services.impl,NotificationServiceImpl,2,316,1,53,1,66,1,39,0,13
logiway-backend,com.logiway.services.impl,MessengerServiceImpl,17,1918,13,177,2,415,15,136,2,51
logiway-backend,com.logiway.services.impl,VehiculeServiceImpl,1,2018,1,297,0,437,1,207,0,59
logiway-backend,com.logiway.services.impl,ProfileServiceImpl,0,1408,3,185,0,281,3,133,0,42
logiway-backend,com.logiway.services.impl,AdminKpiServiceImpl,31,2941,29,322,3,480,30,213,1,63
logiway-backend,com.logiway.services.impl,KeycloakServiceImpl,0,1234,2,78,0,238,2,54,0,16
logiway-backend,com.logiway.services.impl,AuthServiceImpl,0,447,0,42,0,91,0,34,0,13
logiway-backend,com.logiway.services.impl,TrajetServiceImpl,68,2407,47,329,4,512,53,201,8,54
logiway-backend,com.logiway.services.impl,NotificationRealtimeServiceImpl,0,393,0,64,0,83,0,47,0,15
logiway-backend,com.logiway.services.impl,SecteurServiceImpl,9,1570,18,198,0,334,18,131,0,41
logiway-backend,com.logiway.services.impl,UserServiceImpl,13,1359,6,168,1,306,7,105,1,24
logiway-backend,com.logiway.services.impl,GoogleCalendarLeaveSyncService.CachedToken,0,9,0,0,0,1,0,1,0,1
logiway-backend,com.logiway.services.impl,PauseAIServiceImpl,27,3448,58,338,1,645,58,213,0,71
logiway-backend,com.logiway.services.impl,TrajetServiceImpl.TripTimingMetrics,0,12,0,0,0,1,0,1,0,1
logiway-backend,com.logiway.services.impl,GoogleCalendarLeaveSyncService,0,894,0,116,0,167,0,79,0,21
logiway-backend,com.logiway.services.impl,ReclamationServiceImpl,26,1116,19,117,0,234,18,74,0,24
logiway-backend,com.logiway.services.impl,GoogleCalendarLeaveSyncService.ServiceAccountCredentials,0,9,0,0,0,1,0,1,0,1
logiway-backend,com.logiway.services.impl,PauseAIScheduler,0,107,0,10,0,28,0,8,0,3
logiway-backend,com.logiway.services.impl,ProfileServiceImpl.TripTimingMetrics,0,12,0,0,0,1,0,1,0,1
logiway-backend,com.logiway,LogiwayApplication,5,3,0,0,2,1,1,1,1,1
logiway-backend,com.logiway.dto.response,SectorResponse,0,27,0,0,0,1,0,1,0,1
logiway-backend,com.logiway.dto.response,RapportResponse,21,193,15,23,0,8,13,21,0,15
logiway-backend,com.logiway.dto.response,ValidateReclamationResponse,7,121,5,17,0,6,5,17,0,11
logiway-backend,com.logiway.dto.response,ApiMessageResponse,0,6,0,0,0,1,0,1,0,1
logiway-backend,com.logiway.dto.response,GenerateReportResponse,31,226,22,24,0,9,18,22,0,17
logiway-backend,com.logiway.dto.response,LoginResult,0,24,0,0,0,1,0,1,0,1
logiway-backend,com.logiway.dto.response,ReclamationResponse,61,355,45,39,0,11,36,20,0,14
logiway-backend,com.logiway.dto.response,MessengerConversationResponse,0,39,0,0,0,1,0,1,0,1
logiway-backend,com.logiway.dto.response,EntrepriseResponse,0,51,0,0,0,1,0,1,0,1
logiway-backend,com.logiway.dto.response,AvailableDriverResponse,0,48,0,8,0,3,0,6,0,2
logiway-backend,com.logiway.dto.response,VehiculeResponse,0,45,0,0,0,1,0,1,0,1
logiway-backend,com.logiway.dto.response,AuthSessionResponse,0,18,0,0,0,1,0,1,0,1
logiway-backend,com.logiway.dto.response,MessengerReadResponse,0,12,0,0,0,1,0,1,0,1
logiway-backend,com.logiway.dto.response,UserResponse,0,69,0,0,0,1,0,1,0,1
logiway-backend,com.logiway.dto.response,ValidateReclamationResponse.ValidateReclamationResponseBuilder,6,21,0,0,0,1,1,4,1,4
logiway-backend,com.logiway.dto.response,ReportListResponse.ReportListResponseBuilder,6,21,0,0,0,1,1,4,1,4
logiway-backend,com.logiway.dto.response,ReportListResponse,14,114,10,12,0,6,8,14,0,11
logiway-backend,com.logiway.dto.response,SectorResponse.SectorDriverInfo,0,15,0,0,0,1,0,1,0,1
logiway-backend,com.logiway.dto.response,GenerateReportResponse.GenerateReportResponseBuilder,12,42,0,0,0,1,1,7,1,7
logiway-backend,com.logiway.dto.response,RapportResponse.RapportSection.RapportSectionBuilder,6,21,0,0,0,1,1,4,1,4
logiway-backend,com.logiway.dto.response,ValidateReclamationFieldResponse,9,149,6,20,0,7,5,21,0,13
logiway-backend,com.logiway.dto.response,MessengerUserResponse,0,36,0,0,0,1,0,1,0,1
logiway-backend,com.logiway.dto.response,ReportMetadataResponse.ReportMetadataResponseBuilder,32,112,0,0,0,1,1,17,1,17
logiway-backend,com.logiway.dto.response,NotificationResponse,1,117,1,23,1,24,1,18,0,3
logiway-backend,com.logiway.dto.response,AuthResponse,0,15,0,0,0,1,0,1,0,1
logiway-backend,com.logiway.dto.response,RapportResponse.RapportResponseBuilder,10,35,0,0,0,1,1,6,1,6
logiway-backend,com.logiway.dto.response,ValidateReclamationFieldResponse.ValidateReclamationFieldResponseBuilder,8,28,0,0,0,1,1,5,1,5
logiway-backend,com.logiway.dto.response,MessengerMessagePageResponse,0,18,0,0,0,1,0,1,0,1
logiway-backend,com.logiway.dto.response,RapportResponse.RapportSection,11,117,8,14,0,6,7,15,0,11
logiway-backend,com.logiway.dto.response,MessengerMessageResponse,0,96,0,0,0,1,0,1,0,1
logiway-backend,com.logiway.dto.response,MessengerPresenceResponse,0,12,0,0,0,1,0,1,0,1
logiway-backend,com.logiway.dto.response,CongeResponse,0,63,0,0,0,1,0,1,0,1
logiway-backend,com.logiway.dto.response,SectorResponse.SectorManagerInfo,0,18,0,0,0,1,0,1,0,1
logiway-backend,com.logiway.dto.response,TokenRefreshResponse,0,18,0,0,0,1,0,1,0,1
logiway-backend,com.logiway.dto.response,ReportMetadataResponse,55,632,36,90,0,19,34,66,0,37
logiway-backend,com.logiway.dto.request,ChangePasswordRequest,0,9,0,0,0,1,0,1,0,1
logiway-backend,com.logiway.dto.request,CreateVehiculeRequest,0,27,0,0,0,1,0,1,0,1
logiway-backend,com.logiway.dto.request,MessengerTextRequest,0,9,0,0,0,1,0,1,0,1
logiway-backend,com.logiway.dto.request,UpdateSectorRequest,0,21,0,0,0,1,0,1,0,1
logiway-backend,com.logiway.dto.request,ResetPasswordRequest,0,9,0,0,0,1,0,1,0,1
logiway-backend,com.logiway.dto.request,CreateReclamationRequest,16,151,12,18,0,6,10,17,0,12
logiway-backend,com.logiway.dto.request,UpdateProfileRequest,0,15,0,0,0,1,0,1,0,1
logiway-backend,com.logiway.dto.request,CreateUserRequest,0,30,0,0,0,1,0,1,0,1
logiway-backend,com.logiway.dto.request,GenerateReportRequest.GenerateReportRequestBuilder,6,21,0,0,0,1,1,4,1,4
logiway-backend,com.logiway.dto.request,CreateEntrepriseRequest,0,39,0,0,0,1,0,1,0,1
logiway-backend,com.logiway.dto.request,TokenRefreshRequest,0,6,0,0,0,1,0,1,0,1
logiway-backend,com.logiway.dto.request,LoginRequest,0,9,0,0,0,1,0,1,0,1
logiway-backend,com.logiway.dto.request,ForgotPasswordRequest,0,6,0,0,0,1,0,1,0,1
logiway-backend,com.logiway.dto.request,UpdateVehiculeStatusRequest,0,6,0,0,0,1,0,1,0,1
logiway-backend,com.logiway.dto.request,CongeDecisionRequest,0,9,0,0,0,1,0,1,0,1
logiway-backend,com.logiway.dto.request,GenerateReportRequest,9,119,7,15,0,6,6,16,0,11
logiway-backend,com.logiway.dto.request,CreateSectorRequest,0,21,0,0,0,1,0,1,0,1
logiway-backend,com.logiway.dto.request,ReclamationDecisionRequest,4,77,3,11,0,4,3,12,0,8
logiway-backend,com.logiway.dto.request,AssignVehiculeDriverRequest,0,6,0,0,0,1,0,1,0,1
logiway-backend,com.logiway.dto.request,UpdateUserRequest,0,33,0,0,0,1,0,1,0,1
logiway-backend,com.logiway.dto.request,UpdateVehiculeRequest,0,27,0,0,0,1,0,1,0,1
logiway-backend,com.logiway.dto.request,UpdateReclamationRequest,16,151,12,18,0,6,10,17,0,12
logiway-backend,com.logiway.dto.request,UpdateEntrepriseRequest,0,39,0,0,0,1,0,1,0,1
logiway-backend,com.logiway.dto.request,CreateCongeRequest,0,15,0,0,0,1,0,1,0,1
logiway-backend,com.logiway.dto.request,UpdateCongeRequest,0,15,0,0,0,1,0,1,0,1
logiway-backend,com.logiway.dto.request,ChatbotMessageRequest,4,77,3,11,0,4,3,12,0,8
logiway-backend,com.logiway.dto.request,ValidateReclamationRequest,9,115,6,16,0,5,5,16,0,10
logiway-backend,com.logiway.dto.request,MessengerMessageUpdateRequest,0,6,0,0,0,1,0,1,0,1
logiway-backend,com.logiway.dto.chauffeur,ChauffeurDashboardResponse,0,24,0,0,0,1,0,1,0,1
logiway-backend,com.logiway.dto.chauffeur,ChauffeurDashboardStatsResponse,0,39,0,0,0,1,0,1,0,1
logiway-backend,com.logiway.dto.chauffeur,ChauffeurVehicleResponse,0,36,0,0,0,1,0,1,0,1
logiway-backend,com.logiway.dto.chauffeur,ChauffeurAvailabilityResponse,0,12,0,0,0,1,0,1,0,1
logiway-backend,com.logiway.dto.chauffeur,ChauffeurHistoryTripResponse,0,66,0,0,0,1,0,1,0,1
